dimension,value,observed_coverage,reference_coverage,sufficient_lines,alignment_seed,train_queries,validation_queries,test_query_count,test_mrr,test_top1,test_top5,test_top10,test_mixture_recall5,test_mixture_recall10
fwhm,0.08,0.0,0.67,0.33,0.0,16,16,16,0.75794256381798,0.6875,0.8125,0.8125,0.49479166666666663,0.515625
fwhm,0.15,0.08,0.65,0.11,0.16,16,16,16,0.5587248369320738,0.4375,0.8125,0.8125,0.47916666666666663,0.47916666666666663
fwhm,0.30,0.02,0.08,0.9,0.0,16,16,16,0.6902090324384788,0.5625,0.875,0.9375,0.5104166666666666,0.5625
fwhm,0.50,0.2,0.75,0.0,0.05,16,16,16,0.6365785256410257,0.5625,0.8125,0.875,0.42187499999999994,0.4583333333333333
noise,high,0.07,0.44,0.35,0.14,16,16,16,0.6418194444444444,0.5625,0.75,0.8125,0.46874999999999994,0.48437499999999994
noise,low,0.15,0.37,0.38,0.1,16,16,16,0.7077072676896845,0.625,0.8125,0.875,0.46875,0.5104166666666666
noise,medium,0.03,0.95,0.02,0.0,16,16,16,0.6811604449472096,0.5625,0.8125,0.8125,0.43749999999999994,0.4739583333333333
noise,none,0.25,0.68,0.07,0.0,16,16,16,0.8953125,0.875,0.9375,1.0,0.48958333333333326,0.5572916666666666
phases,1,0.0,0.01,0.99,0.0,16,16,16,0.9114583333333334,0.875,0.9375,0.9375,0.9375,0.9375
phases,2,0.02,0.83,0.02,0.13,16,16,16,0.6401654411764706,0.5,0.75,0.875,0.375,0.4375
phases,3,0.2,0.46,0.09,0.25,16,16,16,0.6484487734487734,0.5625,0.6875,0.8125,0.25,0.33333333333333326
phases,4,0.15,0.58,0.27,0.0,16,16,16,0.5322404586834732,0.4375,0.6875,0.75,0.203125,0.25
