query_id,split,scenario_mode,accepted_phase_id,target_phase_id,target_family,target_rank,dominant_evidence,limited_residual,candidate_count,shortlist_count,before_fit,residual_share,target_in_shortlist,global_zero_shift,true_zero_shift,accepted_fwhm,target_fwhm,target_true_fwhm,target_direct_gain,target_overlap_gain,target_direct_matches,target_direct_coverage,target_direct_reliability,target_profile_gain,target_phase_snr,target_gain,top_candidate_id,top_candidate_family,top_direct_matches,top_direct_coverage,top_direct_reliability,top_direct_gain,top_overlap_gain,top_hidden_gain,top_profile_gain,top_phase_snr,match_dominant_rank,accepted_family_correct,elapsed_seconds
gain-test-direct-0080,test,direct,COD:1010957,COD:2240655,24AMNOO:87eee00c7ea8,1,direct,False,1056,29,32.04769301267305,0.6795230698732695,True,-0.13,-0.18,0.06207615679396569,0.1175083338305506,0.11599999999999999,63.484044414693244,3.397339409073823,14,0.996231285482574,1.0,7.385694666353208,4165.4389778782715,22.390641451359954,COD:2240655,24AMNOO:87eee00c7ea8,14,0.996231285482574,1.0,63.484044414693244,3.397339409073823,16.36126896284483,7.385694666353208,4165.4389778782715,1,True,2.2405289000016637
gain-test-direct-0081,test,direct,COD:1011080,COD:9005130,22458AACGHIKMNOS:a80ed35f598b,2,direct,False,1057,29,56.25322008424497,0.4374677991575503,True,0.02250000000000002,0.0,0.19678726636599386,0.11939010112905078,0.11699999999999999,30.80154909788468,21.186239452217148,11,0.9050621800592955,1.0,9.952762578531585,21.623280096775726,11.848328652651382,COD:9003693,...000122244558899AACGHIKMNOS:5030c52f6852,11,0.9258012910163013,1.0,31.259649990464307,20.71526602842076,12.792639633586655,18.132293766158504,38.71070103521927,1,True,2.821754200034775
gain-test-direct-0082,test,direct,COD:1547372,COD:2101141,23HILO:e8312161ab3c,1,direct,False,1054,29,13.431532506905409,0.8656846749309459,True,0.23750000000000002,0.18,0.06184289687772113,0.11631884336993567,0.11599999999999999,68.55969392593137,23.988638493747793,14,0.9224432454946795,1.0,31.75323478531839,30231.51305708535,31.75323478531839,COD:2101141,23HILO:e8312161ab3c,14,0.9224432454946795,1.0,68.55969392593137,23.988638493747793,28.79541834998496,31.75323478531839,30231.51305708535,1,True,2.795498499996029
gain-test-direct-0083,test,direct,COD:2240655,COD:1537519,1258MOO:10e2fee86079,1,direct,False,1057,29,57.8945008275614,0.42105499172438593,True,-0.06249999999999994,-0.18,0.19478530613242345,0.11897692623236615,0.11699999999999999,37.36696301174337,0.0,15,0.9778533944388538,1.0,22.651813163954323,47.82097194667742,22.651813163954323,COD:1537519,1258MOO:10e2fee86079,15,0.9778533944388538,1.0,37.36696301174337,0.0,9.757838919687497,22.651813163954323,47.82097194667742,1,True,3.078105000022333
gain-test-direct-0084,test,direct,COD:9007305,COD:1008759,25AILOS:42d47669e768,1,direct,False,1053,29,29.058748934841404,0.709412510651586,True,-0.017500000000000005,0.0,0.06264402414926398,0.11617716957387945,0.11599999999999999,56.720623371086496,34.68634174821217,14,0.9327679676315728,1.0,1.645023531564526,678.1345600254972,21.600409803990164,COD:1008759,25AILOS:42d47669e768,14,0.9327679676315728,1.0,56.720623371086496,34.68634174821217,24.281422265009024,1.645023531564526,678.1345600254972,1,True,2.837735300010536
gain-test-direct-0085,test,direct,COD:1010951,COD:1521638,25ILOSU:c4bb2fda85a0,1,direct,False,1053,29,54.85596610354182,0.45144033896458186,True,0.18750000000000006,0.18,0.19751548870671903,0.11957363389176302,0.11699999999999999,34.223336995480835,13.953841919984134,16,0.9111142100758073,1.0,24.055768301495103,51.18696282316729,24.055768301495103,COD:1521638,25ILOSU:c4bb2fda85a0,16,0.9111142100758073,1.0,34.223336995480835,13.953841919984134,11.049570959188513,24.055768301495103,51.18696282316729,1,True,3.09780360001605
gain-test-direct-0086,test,direct,COD:9006844,COD:1532332,25AILOS:b525736797a1,2,direct,False,1057,29,39.97916060915846,0.6002083939084154,True,-0.1725,-0.18,0.06222636767483563,0.11645744898821661,0.11599999999999999,47.668974120386196,14.756979503803263,12,0.9859112204404412,1.0,4.574686169190541,340.49508578854204,17.42789270912685,COD:9002407,....001222557789ACILORS:725a668ea3d0,12,0.931020295502935,1.0,45.119424575192305,17.478784209030486,13.680198359331659,35.40084607501477,3194.4927900170233,1,True,3.2150593999540433
gain-test-direct-0087,test,direct,COD:1529443,COD:9006844,3ABCO:9de20b9d1c65,1,direct,False,1057,29,83.47582817530493,0.1652417182469508,True,0.012500000000000018,0.0,0.1936190678176389,0.11840405830031532,0.11699999999999999,8.245122792200231,9.386535086722212,12,0.6986510206853593,1.0,16.524171824695074,52.773147186636535,9.596783844688229,COD:9006844,3ABCO:9de20b9d1c65,12,0.6986510206853593,1.0,8.245122792200231,9.386535086722212,2.9050664587864916,16.524171824695074,52.773147186636535,1,True,2.8167245000367984
gain-test-overlap-0088,test,overlap,COD:2105261,COD:2105269,1235ACCLOP:c0d29ab18055,4,overlap,False,1050,29,80.51354742853859,0.19486452571461407,True,-0.21749999999999997,-0.18,0.19934968491807595,0.15532006370765522,0.2175,0.0,17.654039674225995,0,0.0,0.0,0.0,0.0,4.448817997904951,COD:2105276,1235ACCLOP:595225d5766a,0,0.0,0.0,0.0,17.68064206396061,7.810160934801937,0.0,0.0,1,True,2.4510065999929793
gain-test-overlap-0089,test,overlap,COD:2105261,COD:2105270,1235ACCLOP:48475031618b,3,overlap,False,1050,29,87.7594528779242,0.12240547122075798,True,0.07000000000000006,0.0,0.3376830242906373,0.18033852573873496,0.23399999999999999,0.0,9.662865157628309,0,0.0,0.0,0.0,0.0,2.4350420197223337,COD:2105275,1235ACCLOP:360e5fd9d66d,0,0.0,0.0,0.0,9.730575625121594,4.953872070344046,0.0,0.0,1,True,3.046781799988821
gain-test-overlap-0090,test,overlap,COD:9007305,COD:9007288,56ACDOP:aac6f26c376c,14,overlap,False,1053,29,71.59778444598047,0.28402215554019544,True,0.17750000000000005,0.18,0.12618817190339646,0.134376539217597,0.2175,0.0,22.321350622743932,0,0.0,0.0,0.0,0.0,5.62498035693147,COD:9007300,56ACDOP:2f50313b3c7a,0,0.0,0.0,0.0,22.449518520890653,11.255924249544558,0.0,0.0,1,True,2.5848245000233874
gain-test-overlap-0091,test,overlap,COD:9007288,COD:9007305,56ACDOP:ea2039ef1365,2,overlap,False,1040,29,91.76897468165548,0.08231025318344522,True,-0.22499999999999998,-0.18,0.4035473491915961,0.15537195589176328,0.23399999999999999,0.6071531274526872,6.1219353919403146,3,0.09647284584685048,0.27563670241957283,0.0,0.0,1.5544424767829943,COD:9007306,56ACDOP:a825a83fc6e2,3,0.1,0.28571428571428575,0.620639169490777,6.12399234000506,3.21611323968732,0.0,0.0,1,True,2.9727883000159636
gain-test-overlap-0092,test,overlap,COD:1537231,COD:9004029,..00123679ACGIMOS:74d1bafa8561,1,overlap,False,1056,29,58.991845576378466,0.41008154423621535,True,-0.010000000000000002,0.0,0.12576503474608897,0.09041656596671166,0.2175,0.0,32.82722088042122,0,0.0,0.0,0.0,0.0,8.272459661866147,COD:9004029,..00123679ACGIMOS:74d1bafa8561,0,0.0,0.0,0.0,32.82722088042122,17.163173819228692,0.0,0.0,1,True,3.2342520999955013
gain-test-overlap-0093,test,overlap,COD:2105267,COD:2105269,1235ACCLOP:c0d29ab18055,5,overlap,False,1050,29,89.22242882513149,0.107775711748685,True,0.17000000000000004,0.18,0.3470362667813234,0.1456275023877271,0.23399999999999999,0.0,8.453668844559367,0,0.0,0.0,0.0,0.0,2.13032454882896,COD:2105276,1235ACCLOP:595225d5766a,0,0.0,0.0,0.0,8.607470612381658,4.402355609707814,0.0,0.0,1,True,3.1280743000097573
gain-test-overlap-0094,test,overlap,COD:9007291,COD:9007305,56ACDOP:ea2039ef1365,5,overlap,False,1044,29,65.35100808593278,0.34648991914067234,True,-0.22999999999999998,-0.18,0.1290649283378132,0.13889964712848688,0.2175,0.0,23.345617132657754,0,0.0,0.0,0.0,0.0,5.883095517429754,COD:9007301,56ACDOP:cc34cf670705,0,0.0,0.0,0.0,23.78754555454575,13.760117042914448,0.0,0.0,1,True,2.953756299975794
gain-test-overlap-0095,test,overlap,COD:9007296,COD:9007305,56ACDOP:ea2039ef1365,2,overlap,False,1040,29,82.43654219735083,0.1756345780264917,True,-0.05999999999999996,0.0,0.4129471853648462,0.212441910537485,0.23399999999999999,4.910191957698904,14.834600173033015,5,0.4587999029789481,1.0,11.445414546375936,17.720791984990868,11.445414546375936,COD:9007309,56ACDOP:736d9a3ac4e6,5,0.4081305330184121,1.0,4.395986901886828,14.688900154931062,6.345852327168385,17.563457802649168,31.879638039046494,1,True,2.980309800012037
gain-test-hidden-0096,test,hidden,COD:4502443,COD:2100992,3ACCO:e8f804d74702,8,overlap,False,1056,29,50.27770350110319,0.49722296498896806,True,-0.11249999999999999,-0.18,0.18934970392501652,0.06,0.435,3.7870041440865356,32.01578769109185,5,0.04146522158852202,0.11847206168149149,0.0,0.0,8.099384291353386,COD:2310543,3ACCO:ab6a690125f1,3,0.02739969523721559,0.07828484353490169,2.425481424040993,33.01663616488055,20.163962658117924,0.0,0.0,1,True,2.9543020999990404
gain-test-hidden-0097,test,hidden,COD:2015571,COD:3000103,24ABBO:e0082f8e0986,3,overlap,False,1053,29,49.769434035697735,0.5023056596430227,True,0.07439111239554382,0.0,0.26691410027487256,0.26740726267346554,0.39,0.0,36.25896766401112,0,0.0,0.0,0.0,0.0,9.1372598513308,COD:2003020,22ABBO:36d87f4a7940,0,0.0,0.0,0.0,36.53540098957844,18.216266585071295,0.0,0.0,1,True,2.9853192000300623
gain-test-hidden-0098,test,hidden,COD:2105267,COD:2105270,1235ACCLOP:48475031618b,16,direct,False,1050,29,59.124269265174135,0.4087573073482587,True,0.22999999999999998,0.18,0.20053047447227632,0.06,0.435,26.4289242122793,21.59553272641908,5,0.9023134484506167,1.0,1.2847983269342507,2.8154404729228193,5.169269161854638,COD:2022591,...0011224466779ACOP:d023d30e60bb,3,0.4181085447706373,1.0,13.625643347944088,21.62812852260104,10.113502664283601,0.0,0.0,1,True,3.0465563999605365
gain-test-hidden-0099,test,hidden,COD:2105267,COD:2105276,1235ACCLOP:595225d5766a,7,overlap,False,1052,29,23.242871009892653,0.7675712899010735,True,-0.15500000000000003,-0.18,0.06,0.256508212901257,0.39,26.62722956944867,62.71694825064686,4,0.6133507233124122,1.0,0.0,0.0,17.668577029024412,COD:2105271,1235ACCLOP:033a87b8b123,4,0.7423342546805112,1.0,31.52785616342819,65.88316196234439,30.90294906062425,0.0,0.0,1,True,3.2470996999763884
gain-test-hidden-0100,test,hidden,COD:2105267,COD:2105269,1235ACCLOP:c0d29ab18055,3,overlap,False,1050,29,60.577303660340874,0.39422696339659125,True,0.03250000000000002,0.0,0.20105852390446308,0.06,0.435,0.0,29.704392377020458,0,0.0,0.0,0.0,0.0,7.485506879009154,COD:2107367,1235ACCLOP:34aec4010aae,0,0.0,0.0,0.0,29.912624686569334,15.747813037921059,0.0,0.0,1,True,2.7270897999987938
gain-test-hidden-0101,test,hidden,COD:9007305,COD:9007296,56ACDOP:3c328985a658,8,overlap,False,1050,29,40.08995409505205,0.5991004590494795,True,0.21250000000000008,0.18,0.20486489423211893,0.2877535384665289,0.39,0.0,42.39170653394302,0,0.0,0.0,0.0,0.0,10.68271004655364,COD:9007300,56ACDOP:2f50313b3c7a,0,0.0,0.0,0.0,42.840864166941444,21.97318087479396,0.0,0.0,1,True,2.901620200020261
gain-test-hidden-0102,test,hidden,COD:9007296,COD:9007305,56ACDOP:ea2039ef1365,5,overlap,False,1042,29,67.92653512900146,0.32073464870998536,True,-0.195,-0.18,0.1978872725941953,0.11497099776277978,0.435,0.0,22.239611976065536,0,0.0,0.0,0.0,0.0,5.604382217968514,COD:9007309,56ACDOP:736d9a3ac4e6,0,0.0,0.0,0.0,22.472154993213625,12.44336434099788,0.0,0.0,1,True,2.9466609999653883
gain-test-hidden-0103,test,hidden,COD:9007305,COD:9007291,56ACDOP:1282240c447c,3,overlap,False,1045,29,77.81657782868128,0.22183422171318729,True,0.08000000000000007,0.0,0.6095095274406541,0.06,0.39,0.0,13.165200351141358,0,0.0,0.0,0.0,0.0,3.317630488487622,COD:9007288,56ACDOP:aac6f26c376c,0,0.0,0.0,0.0,13.176609742778396,8.465801724143029,0.0,0.0,1,True,3.145452299970202
gain-test-sparse-0104,test,sparse,COD:9000749,COD:4502443,3ACCO:16184c0a8fda,7,direct,False,1042,29,28.98140904463312,0.7101859095536688,True,-0.20509993995500966,-0.18,0.06134662828047256,0.11486942361031185,0.11599999999999999,60.544638768098594,0.0,14,0.926587980693673,1.0,4.609255838880717,15.343605933298198,21.190623568834507,COD:1547349,ACCO:0978746b5673,14,0.929365427165489,1.0,60.81444346871427,0.0,15.107179060858677,4.9474099635974484,16.59099727511754,1,True,2.3255567000014707
gain-test-sparse-0105,test,sparse,COD:2108234,COD:1547352,3ACCO:c491b07ef73b,1,overlap,False,1046,29,81.56060492542319,0.18439395074576811,True,0.009999999999999995,0.0,0.19700144423894644,0.0968233878872514,0.11699999999999999,0.0,9.84925204008576,0,0.0,0.0,5.5581033003636895,10.942413344421064,5.5581033003636895,COD:1547352,3ACCO:c491b07ef73b,0,0.0,0.0,0.0,9.84925204008576,2.9045542302728196,5.5581033003636895,10.942413344421064,1,True,2.8751531000016257
gain-test-sparse-0106,test,sparse,COD:2106174,COD:1101054,1224AACILOS:833cff4b4e25,173,direct,False,1056,29,53.09183399805726,0.4690816600194274,False,0.18000000000000005,0.18,0.06232849765563639,nan,0.11599999999999999,0.0,0.0,0,0.0,1.0,0.0,0.0,0.0,COD:2101141,23HILO:e8312161ab3c,5,0.13389532020035805,0.3825580577153087,5.571567561380709,37.51261413008536,16.972688136874126,0.0,0.0,1,True,2.828481799981091
gain-test-sparse-0107,test,sparse,COD:1011103,COD:3000175,....0122445578AGILMOS:a93ddeac36c8,6,direct,False,1057,29,60.27151808904436,0.3972848191095564,True,-0.29831443282639675,-0.18,0.1913294606670917,0.07208286135882631,0.11699999999999999,31.261973420652595,0.0,8,0.7341756207069199,1.0,1.5422945435071986,9.662146291428456,10.941690697228408,COD:1536109,...00112268AILOS:d7f6f72048a1,10,0.848675994756194,1.0,33.492394548654836,0.0,6.649804979630737,2.2739333025424333,14.597042979069542,1,True,2.1616134000360034
gain-test-sparse-0108,test,sparse,COD:9003655,COD:1547372,3ACCO:81084513b48a,475,direct,False,1056,29,48.59736330018261,0.514026366998174,False,0.0075,0.0,0.06323418279376816,nan,0.11599999999999999,0.0,0.0,0,0.0,1.0,0.0,0.0,0.0,COD:1557950,.....001111222233455789AAACHIKLNOS:971c62151aeb,0,0.0,0.0,0.0,40.436221591474016,20.069825974202082,0.0,0.0,1,True,2.474678699974902
gain-test-sparse-0109,test,sparse,COD:2105273,COD:3000175,....0122445578AGILMOS:a93ddeac36c8,683,direct,False,1049,29,57.27254289116455,0.4272745710883546,False,0.16500000000000004,0.18,0.19473326612935343,nan,0.11699999999999999,0.0,0.0,0,0.0,1.0,0.0,0.0,0.0,COD:2105264,1235ACCLOP:b2ad4add6367,0,0.0,0.0,0.0,33.82994378402307,15.628998264646718,0.0,0.0,1,True,3.0015145000070333
gain-test-sparse-0110,test,sparse,COD:2003027,COD:1011141,AFN:cc9f0a9e48aa,26,direct,False,1057,29,37.40032635788679,0.6259967364211321,True,-0.22749999999999998,-0.18,0.06314779465499663,0.11362228870114918,0.11599999999999999,34.83485295989796,12.38422486239842,4,0.7799691392460665,1.0,0.5623999684740124,2.28400133828415,6.408181734514582,COD:2310435,225IILOS:1fa7a78c59b6,0,0.0,0.0,0.0,50.26327983238849,22.77924777982885,0.0,0.0,1,True,2.60589040000923
gain-test-sparse-0111,test,sparse,COD:1528648,COD:1011141,AFN:cc9f0a9e48aa,4,direct,False,1057,29,81.7321900473804,0.18267809952619601,True,-0.0025000000000000022,0.0,0.19528404670931063,0.1138297877787273,0.11699999999999999,16.120244304399165,0.39570174724434787,7,0.8763730246533834,1.0,0.0,0.0,2.831014437300411,COD:1562978,AFN:cbddcb312336,7,0.882281399824746,1.0,16.217630602236238,0.4233344713830467,2.30174405403007,5.399843640769496,18.831412083953452,1,True,2.536086499982048
gain-test-low_fraction-0112,test,low_fraction,COD:9007296,COD:2002272,24AABGO:f393ac6561c1,557,direct,False,1043,29,59.417301149624656,0.4058269885037534,False,-0.1875,-0.18,0.10738835181452625,nan,0.2175,0.0,0.0,0,0.0,1.0,0.0,0.0,0.0,COD:9007308,56ACDOP:09e4c8d4c5d2,1,0.010115769311313937,0.009634066010775178,0.6004064763378025,28.596905477231818,15.62719903500013,0.0,0.0,1,True,3.0838860999792814
gain-test-low_fraction-0113,test,low_fraction,COD:2310701,COD:1532332,25AILOS:b525736797a1,11,direct,False,1057,29,54.84459693497803,0.45155403065021965,True,0.07000000000000006,0.0,0.2542349484065693,0.06,0.23399999999999999,27.57365259045766,20.470641265297143,5,0.9654541507874239,1.0,0.0,0.0,5.341249363215578,COD:1561885,01233ACIKOS:95033a5855bb,3,0.485817495764164,1.0,12.298532336360749,24.10000664825704,10.280272897864531,0.0,0.0,1,True,3.2660876999725588
gain-test-low_fraction-0114,test,low_fraction,COD:1521069,COD:7247109,3ACOP:213e57d30db7,769,direct,False,1057,29,38.707682295093605,0.612923177049064,False,0.18250000000000005,0.18,0.10837311105822327,nan,0.2175,0.0,0.0,0,0.0,1.0,0.0,0.0,0.0,COD:1557978,011348DGIMOS:27d381c7d872,3,0.36110240313405045,1.0,12.681271869589898,29.461294678788214,13.770037596671429,0.0,0.0,1,True,2.670880899997428
gain-test-low_fraction-0115,test,low_fraction,COD:1000061,COD:1521638,25ILOSU:c4bb2fda85a0,16,direct,False,1057,29,66.52750255994613,0.3347249744005388,True,-0.235,-0.18,0.33042383768672856,0.06,0.23399999999999999,20.084799051281077,12.304378358137962,6,0.8998880145597284,1.0,1.1010535474883245,1.385815284374325,3.824910168599265,COD:1536777,33AHLO:dbe94f0c0fc8,0,0.0,0.0,0.0,23.08569292335312,12.532423117121665,0.0,0.0,1,True,3.089057299948763
gain-test-low_fraction-0116,test,low_fraction,COD:1549600,COD:2106194,238ACOP:5753b9e7a57f,622,direct,False,1054,29,26.51367339045121,0.7348632660954879,False,0.0,0.0,0.1062479582106032,nan,0.2175,0.0,0.0,0,0.0,1.0,0.0,0.0,0.0,COD:9002407,....001222557789ACILORS:725a668ea3d0,2,0.5219996682200522,0.6666666666666666,20.576171450673666,60.097065100376376,28.77747751060903,0.0,0.0,1,True,3.141372800047975
gain-test-low_fraction-0117,test,low_fraction,COD:1549722,COD:1542048,.0113ANOW:209c73f85273,435,direct,False,1057,29,54.21523795882961,0.45784762041170385,False,0.08999999999999997,0.18,0.3621193375269111,nan,0.23399999999999999,0.0,0.0,0,0.0,1.0,0.0,0.0,0.0,COD:1200005,23ALO:fd92d8bbf1a4,2,0.5063135615318922,0.6666666666666666,12.81973337152771,19.513591312847964,8.861721231855167,0.0,0.0,1,True,2.756251000042539
gain-test-low_fraction-0118,test,low_fraction,COD:1525757,COD:9005277,...0016677AACGILMOS:eabeac9efc3d,939,direct,False,1057,29,68.91195359941182,0.3108804640058819,False,-0.1825,-0.18,0.10815807901710862,nan,0.2175,0.0,0.0,0,0.0,1.0,0.0,0.0,0.0,COD:1511335,....0233455788999ABCOP:1380eb9d1233,2,0.11259281538084558,0.21446250548732493,1.8909271427914722,20.415736503126247,11.992462062911688,0.0,0.0,1,True,2.9122139000101015
gain-test-low_fraction-0119,test,low_fraction,COD:2015571,COD:9009042,2CLRS:a2983ad36fda,992,direct,False,1052,29,74.01445691269637,0.25985543087303625,False,-0.007500000000000003,0.0,0.34657327757524325,nan,0.23399999999999999,0.0,0.0,0,0.0,1.0,0.0,0.0,0.0,COD:1510948,36BBOT:6ade6223f253,0,0.0,0.0,0.0,15.501575531195725,6.406604200206048,0.0,0.0,1,True,3.1229505999945104
