query_id,candidate_count,refined_count,generation_seconds,retrieval_seconds,quick_seconds,refine_seconds,total_seconds
train-0012,1058,97,1.9028357000206597,0.020215899974573404,1.1700676000327803,0.961937099986244,4.055056300014257
train-0005,1058,96,0.027935100020840764,0.010483399964869022,0.8434751000022516,1.3545683000120334,2.236461899999995
train-0010,1058,97,0.031508399988524616,0.009220600011758506,0.800368600001093,1.427680299966596,2.268777899967972
train-0003,1058,98,0.03172379999887198,0.010461399971973151,0.7948063000221737,1.3199726999737322,2.156964199966751
validation-0092,1058,97,0.023772599990479648,0.009511300013400614,0.7360538999782875,0.9458451999817044,1.7151829999638721
validation-0085,1058,97,0.027103299973532557,0.009311500005424023,0.8076796000241302,1.3733431999571621,2.217437599960249
validation-0090,1058,82,0.030488100019283593,0.012760199955664575,0.8068801000481471,1.1405303999781609,1.9906588000012562
validation-0083,1058,99,0.027359600004274398,0.009206999966409057,0.7919468000181951,1.3249804999795742,2.1534938999684528
test-0172,1058,96,0.022026300022844225,0.009712999977637082,0.7882781999651343,1.1602090000524186,1.9802265000180341
test-0165,1058,97,0.02259150001918897,0.009932999964803457,0.762735900003463,1.108009800023865,1.9032702000113204
test-0170,1058,94,0.02858589997049421,0.011457000044174492,0.8132555999909528,1.3382673999876715,2.191565899993293
test-0163,1058,96,0.027835999964736402,0.009684600052423775,0.8131446999614127,1.2456522000138648,2.0963174999924377
train-0060,1058,100,0.021689800021704286,0.00617680000141263,0.7300513999653049,0.9200968000222929,1.6780148000107147
train-0053,1058,99,0.019246399984695017,0.009398700029123574,0.796468399988953,1.128916300018318,1.9540298000210896
train-0058,1058,97,0.023642299987841398,0.008185599988792092,0.7806076999986544,1.1591687999898568,1.9716043999651447
train-0051,1058,96,0.02428370004054159,0.009560399979818612,0.8072304999805056,1.109174899989739,1.9502494999906048
