dimension,value,weights,query_count,mrr,top1,top5,top10,mixture_recall5,mixture_recall10
fwhm,0.08,current,16,0.7569981489099136,0.6875,0.8125,0.8125,0.47916666666666663,0.49479166666666663
fwhm,0.08,equal,16,0.6837698147440793,0.625,0.8125,0.8125,0.45833333333333326,0.45833333333333326
fwhm,0.08,manuscript,16,0.7558406638911273,0.6875,0.8125,0.8125,0.45833333333333326,0.47916666666666663
fwhm,0.08,selected,16,0.8203694701020904,0.8125,0.8125,0.8125,0.47395833333333326,0.47395833333333326
fwhm,0.15,current,16,0.6882711855877617,0.625,0.75,0.8125,0.44791666666666663,0.47916666666666663
fwhm,0.15,equal,16,0.5095082434926184,0.375,0.75,0.8125,0.44791666666666663,0.47916666666666663
fwhm,0.15,manuscript,16,0.6594577131172527,0.5625,0.75,0.8125,0.44791666666666663,0.47916666666666663
fwhm,0.15,selected,16,0.6873996030759028,0.625,0.75,0.75,0.44791666666666663,0.47916666666666663
fwhm,0.30,current,16,0.7206101190476191,0.5625,0.875,0.9375,0.47395833333333326,0.53125
fwhm,0.30,equal,16,0.6985641891891892,0.5625,0.8125,0.875,0.4739583333333333,0.4895833333333333
fwhm,0.30,manuscript,16,0.6483819916855631,0.5,0.8125,0.8125,0.45312499999999994,0.46874999999999994
fwhm,0.30,selected,16,0.7526041666666666,0.625,0.9375,1.0,0.53125,0.5833333333333334
fwhm,0.50,current,16,0.6400568181818181,0.5625,0.75,0.8125,0.3958333333333333,0.4322916666666667
fwhm,0.50,equal,16,0.5882154304029303,0.5,0.625,0.8125,0.34895833333333337,0.4166666666666667
fwhm,0.50,manuscript,16,0.647172619047619,0.5625,0.75,0.875,0.3958333333333333,0.4947916666666667
fwhm,0.50,selected,16,0.6258556547619047,0.5625,0.6875,0.875,0.38541666666666663,0.44270833333333326
noise,high,current,16,0.6440446127946128,0.5625,0.75,0.8125,0.45312499999999994,0.48437499999999994
noise,high,equal,16,0.6348120629370628,0.5625,0.6875,0.8125,0.43749999999999994,0.48437499999999994
noise,high,manuscript,16,0.6060045948203843,0.5,0.75,0.8125,0.45312499999999994,0.48437499999999994
noise,high,selected,16,0.6015568000455996,0.5,0.6875,0.8125,0.43749999999999994,0.47395833333333326
noise,low,current,16,0.7489210358056265,0.6875,0.8125,0.875,0.44791666666666663,0.4895833333333333
noise,low,equal,16,0.70570400035014,0.625,0.8125,0.875,0.46875,0.4895833333333333
noise,low,manuscript,16,0.7174594499962147,0.625,0.8125,0.875,0.44791666666666663,0.46874999999999994
noise,low,selected,16,0.7257915950471098,0.6875,0.75,0.8125,0.453125,0.4739583333333333
noise,medium,current,16,0.5903245192307691,0.4375,0.75,0.8125,0.42708333333333326,0.47916666666666663
noise,medium,equal,16,0.43890058890058886,0.3125,0.625,0.75,0.35416666666666663,0.40104166666666663
noise,medium,manuscript,16,0.5662579905440106,0.4375,0.6875,0.75,0.38541666666666663,0.48437499999999994
noise,medium,selected,16,0.6604429995138551,0.5625,0.8125,0.8125,0.4583333333333333,0.4739583333333333
noise,none,current,16,0.8226461038961039,0.75,0.875,0.875,0.46874999999999994,0.48437499999999994
noise,none,equal,16,0.7006410256410256,0.5625,0.875,0.875,0.46874999999999994,0.46874999999999994
noise,none,manuscript,16,0.8211309523809524,0.75,0.875,0.875,0.46874999999999994,0.48437499999999994
noise,none,selected,16,0.8984375,0.875,0.9375,1.0,0.48958333333333326,0.5572916666666666
overlap,high,current,16,0.7119691022544283,0.625,0.8125,0.875,0.35416666666666663,0.36979166666666663
overlap,high,equal,16,0.6945776879370629,0.625,0.8125,0.875,0.3333333333333333,0.3489583333333333
overlap,high,manuscript,16,0.7062293731701627,0.625,0.8125,0.8125,0.3333333333333333,0.36979166666666663
overlap,high,selected,16,0.7761710491543341,0.75,0.8125,0.8125,0.3333333333333333,0.36979166666666663
overlap,ordinary,current,48,0.6979890564908948,0.6041666666666666,0.7916666666666666,0.8333333333333334,0.48090277777777773,0.5225694444444444
overlap,ordinary,equal,48,0.5951599966305848,0.4791666666666667,0.7291666666666666,0.8125,0.46527777777777773,0.49826388888888884
overlap,ordinary,manuscript,48,0.6682078715237999,0.5625,0.7708333333333334,0.8333333333333334,0.4739583333333333,0.517361111111111
overlap,ordinary,selected,48,0.7033526151507434,0.625,0.7916666666666666,0.875,0.501736111111111,0.5364583333333333
phases,1,current,16,0.9114583333333334,0.875,0.9375,0.9375,0.9375,0.9375
phases,1,equal,16,0.7395833333333334,0.625,0.9375,0.9375,0.9375,0.9375
phases,1,manuscript,16,0.9125,0.875,0.9375,1.0,0.9375,1.0
phases,1,selected,16,0.9114583333333334,0.875,0.9375,0.9375,0.9375,0.9375
phases,2,current,16,0.6914740896358543,0.5625,0.8125,0.875,0.40625,0.4375
phases,2,equal,16,0.657843137254902,0.5625,0.75,0.875,0.375,0.4375
phases,2,manuscript,16,0.6730217086834733,0.5,0.8125,0.875,0.40625,0.4375
phases,2,selected,16,0.7198223039215685,0.625,0.8125,0.875,0.40625,0.4375
phases,3,current,16,0.6496243000658761,0.5625,0.6875,0.75,0.25,0.31249999999999994
phases,3,equal,16,0.575538300147675,0.5,0.625,0.6875,0.22916666666666666,0.25
phases,3,manuscript,16,0.6182206919930133,0.5625,0.625,0.6875,0.20833333333333334,0.25
phases,3,selected,16,0.7229270117137764,0.6875,0.75,0.875,0.29166666666666663,0.3541666666666666
phases,4,current,16,0.5533795486920486,0.4375,0.75,0.8125,0.203125,0.25
phases,4,equal,16,0.5070929070929071,0.375,0.6875,0.8125,0.1875,0.21875
phases,4,manuscript,16,0.5071105870650752,0.375,0.75,0.75,0.203125,0.234375
phases,4,selected,16,0.5320212456378861,0.4375,0.6875,0.75,0.203125,0.25
